[
  {
  "id":"1",
  "name": "harry potter",
  "rating": "4.5",
  "author": "J. K. Rowling",
  "genre": "fiction"
  },
  {
  "id":"2",
  "name": "design of everyday things",
  "rating": "4.8",
  "author": "Don Norman",
  "genre": "design"
  },
  {
  "id":"3",
  "name": "Into the wild",
  "rating": "4",
  "author": "Jon Krakauer",
  "genre": "philosophy"
  },
  {
  "id":"4",
  "name": "How to unleash your potential",
  "rating": "4.2",
  "author": "shivam",
  "genre": "philosophy"
  }
  ]